{
	"info": {
		"_postman_id": "8e593ca2-0009-4fd4-9f1a-392a3ac8d4d3",
		"name": "User Crud",
		"schema": "https://schema.getpostman.com/json/collection/v2.1.0/collection.json"
	},
	"item": [
		{
			"name": "Post Robert Reid",
			"request": {
				"method": "POST",
				"header": [],
				"body": {
					"mode": "raw",
					"raw": "{\r\n    \"firstName\":\"Robert\",\r\n    \"lastName\":\"Reid\",\r\n    \"phoneNumber\":\"6168675309\",\r\n    \"email\":\"Robert.Reid@gmail.com\",\r\n    \"password\":\"testPassword\"\r\n}",
					"options": {
						"raw": {
							"language": "json"
						}
					}
				},
				"url": {
					"raw": "http://localhost:9999/user/create",
					"protocol": "http",
					"host": [
						"localhost"
					],
					"port": "9999",
					"path": [
						"user",
						"create"
					]
				}
			},
			"response": []
		},
		{
			"name": "Get Robert",
			"request": {
				"method": "GET",
				"header": [],
				"url": {
					"raw": "http://localhost:9999/user/retrieve?name=Robert",
					"protocol": "http",
					"host": [
						"localhost"
					],
					"port": "9999",
					"path": [
						"user",
						"retrieve"
					],
					"query": [
						{
							"key": "name",
							"value": "Robert"
						}
					]
				}
			},
			"response": []
		},
		{
			"name": "Update Robert",
			"request": {
				"method": "PATCH",
				"header": [],
				"body": {
					"mode": "raw",
					"raw": "{\r\n    \"firstName\":\"Robert\",\r\n    \"lastName\":\"Reid\",\r\n    \"phoneNumber\":\"6168675309\",\r\n    \"email\":\"Robert.Reid@gmail.com\",\r\n    \"password\":\"updatedPassword\",\r\n    \"role\":\"ADMIN\"\r\n}",
					"options": {
						"raw": {
							"language": "json"
						}
					}
				},
				"url": {
					"raw": "http://localhost:9999/user/update/7c859ac6-6e9a-4757-b629-dcb31c4b1209",
					"protocol": "http",
					"host": [
						"localhost"
					],
					"port": "9999",
					"path": [
						"user",
						"update",
						"7c859ac6-6e9a-4757-b629-dcb31c4b1209"
					]
				}
			},
			"response": []
		}
	]
}